filepath,label
pos_0000.jpg,1
pos_0001.jpg,1
pos_0002.jpg,1
pos_0003.jpg,1
pos_0004.jpg,1
pos_0005.jpg,1
pos_0006.jpg,1
pos_0007.jpg,1
pos_0008.jpg,1
pos_0009.jpg,1
pos_0010.jpg,1
pos_0011.jpg,1
pos_0012.jpg,1
pos_0013.jpg,1
pos_0014.jpg,1
pos_0015.jpg,1
pos_0016.jpg,1
pos_0017.jpg,1
pos_0018.jpg,1
pos_0019.jpg,1
pos_0020.jpg,1
pos_0021.jpg,1
pos_0022.jpg,1
pos_0023.jpg,1
pos_0024.jpg,1
pos_0025.jpg,1
pos_0026.jpg,1
pos_0027.jpg,1
pos_0028.jpg,1
pos_0029.jpg,1
pos_0030.jpg,1
pos_0031.jpg,1
pos_0032.jpg,1
pos_0033.jpg,1
pos_0034.jpg,1
pos_0035.jpg,1
pos_0036.jpg,1
pos_0037.jpg,1
pos_0038.jpg,1
pos_0039.jpg,1
pos_0040.jpg,1
pos_0041.jpg,1
pos_0042.jpg,1
pos_0043.jpg,1
pos_0044.jpg,1
pos_0045.jpg,1
pos_0046.jpg,1
pos_0047.jpg,1
pos_0048.jpg,1
pos_0049.jpg,1
pos_0050.jpg,1
pos_0051.jpg,1
pos_0052.jpg,1
pos_0053.jpg,1
pos_0054.jpg,1
pos_0055.jpg,1
pos_0056.jpg,1
pos_0057.jpg,1
pos_0058.jpg,1
pos_0059.jpg,1
pos_0060.jpg,1
pos_0061.jpg,1
pos_0062.jpg,1
pos_0063.jpg,1
pos_0064.jpg,1
pos_0065.jpg,1
pos_0066.jpg,1
pos_0067.jpg,1
pos_0068.jpg,1
pos_0069.jpg,1
pos_0070.jpg,1
pos_0071.jpg,1
pos_0072.jpg,1
pos_0073.jpg,1
pos_0074.jpg,1
pos_0075.jpg,1
pos_0076.jpg,1
pos_0077.jpg,1
pos_0078.jpg,1
pos_0079.jpg,1
pos_0080.jpg,1
pos_0081.jpg,1
pos_0082.jpg,1
pos_0083.jpg,1
pos_0084.jpg,1
pos_0085.jpg,1
pos_0086.jpg,1
pos_0087.jpg,1
pos_0088.jpg,1
pos_0089.jpg,1
pos_0090.jpg,1
pos_0091.jpg,1
pos_0092.jpg,1
pos_0093.jpg,1
pos_0094.jpg,1
pos_0095.jpg,1
pos_0096.jpg,1
pos_0097.jpg,1
pos_0098.jpg,1
pos_0099.jpg,1
pos_0100.jpg,1
pos_0101.jpg,1
pos_0102.jpg,1
pos_0103.jpg,1
pos_0104.jpg,1
pos_0105.jpg,1
pos_0106.jpg,1
pos_0107.jpg,1
pos_0108.jpg,1
pos_0109.jpg,1
pos_0110.jpg,1
pos_0111.jpg,1
pos_0112.jpg,1
pos_0113.jpg,1
pos_0114.jpg,1
pos_0115.jpg,1
pos_0116.jpg,1
pos_0117.jpg,1
pos_0118.jpg,1
pos_0119.jpg,1
pos_0120.jpg,1
pos_0121.jpg,1
pos_0122.jpg,1
pos_0123.jpg,1
pos_0124.jpg,1
pos_0125.jpg,1
pos_0126.jpg,1
pos_0127.jpg,1
pos_0128.jpg,1
pos_0129.jpg,1
pos_0130.jpg,1
pos_0131.jpg,1
pos_0132.jpg,1
pos_0133.jpg,1
pos_0134.jpg,1
pos_0135.jpg,1
pos_0136.jpg,1
pos_0137.jpg,1
pos_0138.jpg,1
pos_0139.jpg,1
pos_0140.jpg,1
pos_0141.jpg,1
pos_0142.jpg,1
pos_0143.jpg,1
pos_0144.jpg,1
pos_0145.jpg,1
pos_0146.jpg,1
pos_0147.jpg,1
pos_0148.jpg,1
pos_0149.jpg,1
pos_0150.jpg,1
pos_0151.jpg,1
pos_0152.jpg,1
pos_0153.jpg,1
pos_0154.jpg,1
pos_0155.jpg,1
pos_0156.jpg,1
pos_0157.jpg,1
pos_0158.jpg,1
pos_0159.jpg,1
pos_0160.jpg,1
pos_0161.jpg,1
pos_0162.jpg,1
pos_0163.jpg,1
pos_0164.jpg,1
pos_0165.jpg,1
pos_0166.jpg,1
pos_0167.jpg,1
pos_0168.jpg,1
pos_0169.jpg,1
pos_0170.jpg,1
pos_0171.jpg,1
pos_0172.jpg,1
pos_0173.jpg,1
pos_0174.jpg,1
pos_0175.jpg,1
pos_0176.jpg,1
pos_0177.jpg,1
pos_0178.jpg,1
pos_0179.jpg,1
pos_0180.jpg,1
pos_0181.jpg,1
pos_0182.jpg,1
pos_0183.jpg,1
pos_0184.jpg,1
pos_0185.jpg,1
pos_0186.jpg,1
pos_0187.jpg,1
pos_0188.jpg,1
pos_0189.jpg,1
pos_0190.jpg,1
pos_0191.jpg,1
pos_0192.jpg,1
pos_0193.jpg,1
pos_0194.jpg,1
pos_0195.jpg,1
pos_0196.jpg,1
pos_0197.jpg,1
pos_0198.jpg,1
pos_0199.jpg,1
pos_0200.jpg,1
pos_0201.jpg,1
pos_0202.jpg,1
pos_0203.jpg,1
pos_0204.jpg,1
pos_0205.jpg,1
pos_0206.jpg,1
pos_0207.jpg,1
pos_0208.jpg,1
pos_0209.jpg,1
pos_0210.jpg,1
pos_0211.jpg,1
pos_0212.jpg,1
pos_0213.jpg,1
pos_0214.jpg,1
pos_0215.jpg,1
pos_0216.jpg,1
pos_0217.jpg,1
pos_0218.jpg,1
pos_0219.jpg,1
pos_0220.jpg,1
pos_0221.jpg,1
pos_0222.jpg,1
pos_0223.jpg,1
pos_0224.jpg,1
pos_0225.jpg,1
pos_0226.jpg,1
pos_0227.jpg,1
pos_0228.jpg,1
pos_0229.jpg,1
pos_0230.jpg,1
pos_0231.jpg,1
pos_0232.jpg,1
pos_0233.jpg,1
pos_0234.jpg,1
pos_0235.jpg,1
pos_0236.jpg,1
pos_0237.jpg,1
pos_0238.jpg,1
pos_0239.jpg,1
pos_0240.jpg,1
pos_0241.jpg,1
pos_0242.jpg,1
pos_0243.jpg,1
pos_0244.jpg,1
pos_0245.jpg,1
pos_0246.jpg,1
pos_0247.jpg,1
pos_0248.jpg,1
pos_0249.jpg,1
pos_0250.jpg,1
pos_0251.jpg,1
pos_0252.jpg,1
pos_0253.jpg,1
pos_0254.jpg,1
pos_0255.jpg,1
pos_0256.jpg,1
pos_0257.jpg,1
pos_0258.jpg,1
pos_0259.jpg,1
pos_0260.jpg,1
pos_0261.jpg,1
pos_0262.jpg,1
pos_0263.jpg,1
pos_0264.jpg,1
pos_0265.jpg,1
pos_0266.jpg,1
pos_0267.jpg,1
pos_0268.jpg,1
pos_0269.jpg,1
pos_0270.jpg,1
pos_0271.jpg,1
pos_0272.jpg,1
pos_0273.jpg,1
pos_0274.jpg,1
pos_0275.jpg,1
pos_0276.jpg,1
pos_0277.jpg,1
pos_0278.jpg,1
pos_0279.jpg,1
pos_0280.jpg,1
pos_0281.jpg,1
pos_0282.jpg,1
pos_0283.jpg,1
pos_0284.jpg,1
pos_0285.jpg,1
pos_0286.jpg,1
pos_0287.jpg,1
pos_0288.jpg,1
pos_0289.jpg,1
pos_0290.jpg,1
pos_0291.jpg,1
pos_0292.jpg,1
pos_0293.jpg,1
pos_0294.jpg,1
pos_0295.jpg,1
pos_0296.jpg,1
pos_0297.jpg,1
pos_0298.jpg,1
pos_0299.jpg,1
pos_0300.jpg,1
pos_0301.jpg,1
pos_0302.jpg,1
pos_0303.jpg,1
pos_0304.jpg,1
pos_0305.jpg,1
pos_0306.jpg,1
pos_0307.jpg,1
pos_0308.jpg,1
pos_0309.jpg,1
pos_0310.jpg,1
pos_0311.jpg,1
pos_0312.jpg,1
pos_0313.jpg,1
pos_0314.jpg,1
pos_0315.jpg,1
pos_0316.jpg,1
pos_0317.jpg,1
pos_0318.jpg,1
pos_0319.jpg,1
pos_0320.jpg,1
pos_0321.jpg,1
pos_0322.jpg,1
pos_0323.jpg,1
pos_0324.jpg,1
pos_0325.jpg,1
pos_0326.jpg,1
pos_0327.jpg,1
pos_0328.jpg,1
pos_0329.jpg,1
pos_0330.jpg,1
pos_0331.jpg,1
pos_0332.jpg,1
pos_0333.jpg,1
pos_0334.jpg,1
pos_0335.jpg,1
pos_0336.jpg,1
pos_0337.jpg,1
pos_0338.jpg,1
pos_0339.jpg,1
pos_0340.jpg,1
pos_0341.jpg,1
pos_0342.jpg,1
pos_0343.jpg,1
pos_0344.jpg,1
pos_0345.jpg,1
pos_0346.jpg,1
pos_0347.jpg,1
pos_0348.jpg,1
pos_0349.jpg,1
pos_0350.jpg,1
pos_0351.jpg,1
pos_0352.jpg,1
pos_0353.jpg,1
pos_0354.jpg,1
pos_0355.jpg,1
pos_0356.jpg,1
pos_0357.jpg,1
pos_0358.jpg,1
pos_0359.jpg,1
pos_0360.jpg,1
pos_0361.jpg,1
pos_0362.jpg,1
pos_0363.jpg,1
pos_0364.jpg,1
pos_0365.jpg,1
pos_0366.jpg,1
pos_0367.jpg,1
pos_0368.jpg,1
pos_0369.jpg,1
pos_0370.jpg,1
pos_0371.jpg,1
pos_0372.jpg,1
pos_0373.jpg,1
pos_0374.jpg,1
pos_0375.jpg,1
pos_0376.jpg,1
pos_0377.jpg,1
pos_0378.jpg,1
pos_0379.jpg,1
pos_0380.jpg,1
pos_0381.jpg,1
pos_0382.jpg,1
pos_0383.jpg,1
pos_0384.jpg,1
pos_0385.jpg,1
pos_0386.jpg,1
pos_0387.jpg,1
pos_0388.jpg,1
pos_0389.jpg,1
pos_0390.jpg,1
pos_0391.jpg,1
pos_0392.jpg,1
pos_0393.jpg,1
pos_0394.jpg,1
pos_0395.jpg,1
pos_0396.jpg,1
pos_0397.jpg,1
pos_0398.jpg,1
pos_0399.jpg,1
pos_0400.jpg,1
pos_0401.jpg,1
pos_0402.jpg,1
pos_0403.jpg,1
pos_0404.jpg,1
pos_0405.jpg,1
pos_0406.jpg,1
pos_0407.jpg,1
pos_0408.jpg,1
pos_0409.jpg,1
pos_0410.jpg,1
pos_0411.jpg,1
pos_0412.jpg,1
pos_0413.jpg,1
pos_0414.jpg,1
pos_0415.jpg,1
pos_0416.jpg,1
pos_0417.jpg,1
pos_0418.jpg,1
pos_0419.jpg,1
pos_0420.jpg,1
pos_0421.jpg,1
pos_0422.jpg,1
pos_0423.jpg,1
pos_0424.jpg,1
pos_0425.jpg,1
pos_0426.jpg,1
pos_0427.jpg,1
pos_0428.jpg,1
pos_0429.jpg,1
pos_0430.jpg,1
pos_0431.jpg,1
pos_0432.jpg,1
pos_0433.jpg,1
pos_0434.jpg,1
pos_0435.jpg,1
pos_0436.jpg,1
pos_0437.jpg,1
pos_0438.jpg,1
pos_0439.jpg,1
pos_0440.jpg,1
pos_0441.jpg,1
pos_0442.jpg,1
pos_0443.jpg,1
pos_0444.jpg,1
pos_0445.jpg,1
pos_0446.jpg,1
pos_0447.jpg,1
pos_0448.jpg,1
pos_0449.jpg,1
pos_0450.jpg,1
pos_0451.jpg,1
pos_0452.jpg,1
pos_0453.jpg,1
pos_0454.jpg,1
pos_0455.jpg,1
pos_0456.jpg,1
pos_0457.jpg,1
pos_0458.jpg,1
pos_0459.jpg,1
pos_0460.jpg,1
pos_0461.jpg,1
pos_0462.jpg,1
pos_0463.jpg,1
pos_0464.jpg,1
pos_0465.jpg,1
pos_0466.jpg,1
pos_0467.jpg,1
pos_0468.jpg,1
pos_0469.jpg,1
pos_0470.jpg,1
pos_0471.jpg,1
pos_0472.jpg,1
pos_0473.jpg,1
pos_0474.jpg,1
pos_0475.jpg,1
pos_0476.jpg,1
pos_0477.jpg,1
pos_0478.jpg,1
pos_0479.jpg,1
pos_0480.jpg,1
pos_0481.jpg,1
pos_0482.jpg,1
pos_0483.jpg,1
pos_0484.jpg,1
pos_0485.jpg,1
pos_0486.jpg,1
pos_0487.jpg,1
pos_0488.jpg,1
pos_0489.jpg,1
pos_0490.jpg,1
pos_0491.jpg,1
pos_0492.jpg,1
pos_0493.jpg,1
pos_0494.jpg,1
pos_0495.jpg,1
pos_0496.jpg,1
pos_0497.jpg,1
pos_0498.jpg,1
pos_0499.jpg,1
pos_0500.jpg,1
pos_0501.jpg,1
pos_0502.jpg,1
pos_0503.jpg,1
pos_0504.jpg,1
pos_0505.jpg,1
pos_0506.jpg,1
pos_0507.jpg,1
pos_0508.jpg,1
pos_0509.jpg,1
pos_0510.jpg,1
pos_0511.jpg,1
pos_0512.jpg,1
pos_0513.jpg,1
pos_0514.jpg,1
pos_0515.jpg,1
pos_0516.jpg,1
pos_0517.jpg,1
pos_0518.jpg,1
pos_0519.jpg,1
pos_0520.jpg,1
pos_0521.jpg,1
pos_0522.jpg,1
pos_0523.jpg,1
pos_0524.jpg,1
pos_0525.jpg,1
pos_0526.jpg,1
pos_0527.jpg,1
pos_0528.jpg,1
pos_0529.jpg,1
pos_0530.jpg,1
pos_0531.jpg,1
pos_0532.jpg,1
pos_0533.jpg,1
pos_0534.jpg,1
pos_0535.jpg,1
pos_0536.jpg,1
pos_0537.jpg,1
pos_0538.jpg,1
pos_0539.jpg,1
pos_0540.jpg,1
pos_0541.jpg,1
pos_0542.jpg,1
pos_0543.jpg,1
pos_0544.jpg,1
pos_0545.jpg,1
pos_0546.jpg,1
pos_0547.jpg,1
pos_0548.jpg,1
pos_0549.jpg,1
pos_0550.jpg,1
pos_0551.jpg,1
pos_0552.jpg,1
pos_0553.jpg,1
pos_0554.jpg,1
pos_0555.jpg,1
pos_0556.jpg,1
pos_0557.jpg,1
pos_0558.jpg,1
pos_0559.jpg,1
pos_0560.jpg,1
pos_0561.jpg,1
pos_0562.jpg,1
pos_0563.jpg,1
pos_0564.jpg,1
pos_0565.jpg,1
pos_0566.jpg,1
pos_0567.jpg,1
pos_0568.jpg,1
pos_0569.jpg,1
pos_0570.jpg,1
pos_0571.jpg,1
pos_0572.jpg,1
pos_0573.jpg,1
pos_0574.jpg,1
pos_0575.jpg,1
pos_0576.jpg,1
pos_0577.jpg,1
pos_0578.jpg,1
pos_0579.jpg,1
pos_0580.jpg,1
pos_0581.jpg,1
pos_0582.jpg,1
pos_0583.jpg,1
pos_0584.jpg,1
pos_0585.jpg,1
pos_0586.jpg,1
pos_0587.jpg,1
pos_0588.jpg,1
pos_0589.jpg,1
pos_0590.jpg,1
pos_0591.jpg,1
pos_0592.jpg,1
pos_0593.jpg,1
pos_0594.jpg,1
pos_0595.jpg,1
pos_0596.jpg,1
pos_0597.jpg,1
pos_0598.jpg,1
pos_0599.jpg,1
pos_0600.jpg,1
pos_0601.jpg,1
pos_0602.jpg,1
pos_0603.jpg,1
pos_0604.jpg,1
pos_0605.jpg,1
pos_0606.jpg,1
pos_0607.jpg,1
pos_0608.jpg,1
pos_0609.jpg,1
pos_0610.jpg,1
pos_0611.jpg,1
pos_0612.jpg,1
pos_0613.jpg,1
pos_0614.jpg,1
pos_0615.jpg,1
pos_0616.jpg,1
pos_0617.jpg,1
pos_0618.jpg,1
pos_0619.jpg,1
pos_0620.jpg,1
pos_0621.jpg,1
pos_0622.jpg,1
pos_0623.jpg,1
pos_0624.jpg,1
pos_0625.jpg,1
pos_0626.jpg,1
pos_0627.jpg,1
pos_0628.jpg,1
pos_0629.jpg,1
pos_0630.jpg,1
pos_0631.jpg,1
pos_0632.jpg,1
pos_0633.jpg,1
pos_0634.jpg,1
pos_0635.jpg,1
pos_0636.jpg,1
pos_0637.jpg,1
pos_0638.jpg,1
pos_0639.jpg,1
pos_0640.jpg,1
pos_0641.jpg,1
pos_0642.jpg,1
pos_0643.jpg,1
pos_0644.jpg,1
pos_0645.jpg,1
pos_0646.jpg,1
pos_0647.jpg,1
pos_0648.jpg,1
pos_0649.jpg,1
pos_0650.jpg,1
pos_0651.jpg,1
pos_0652.jpg,1
pos_0653.jpg,1
pos_0654.jpg,1
pos_0655.jpg,1
pos_0656.jpg,1
pos_0657.jpg,1
pos_0658.jpg,1
pos_0659.jpg,1
pos_0660.jpg,1
pos_0661.jpg,1
pos_0662.jpg,1
pos_0663.jpg,1
pos_0664.jpg,1
pos_0665.jpg,1
pos_0666.jpg,1
pos_0667.jpg,1
pos_0668.jpg,1
pos_0669.jpg,1
pos_0670.jpg,1
pos_0671.jpg,1
pos_0672.jpg,1
pos_0673.jpg,1
pos_0674.jpg,1
pos_0675.jpg,1
pos_0676.jpg,1
pos_0677.jpg,1
pos_0678.jpg,1
pos_0679.jpg,1
pos_0680.jpg,1
pos_0681.jpg,1
pos_0682.jpg,1
pos_0683.jpg,1
pos_0684.jpg,1
pos_0685.jpg,1
pos_0686.jpg,1
pos_0687.jpg,1
pos_0688.jpg,1
pos_0689.jpg,1
pos_0690.jpg,1
pos_0691.jpg,1
pos_0692.jpg,1
pos_0693.jpg,1
pos_0694.jpg,1
pos_0695.jpg,1
pos_0696.jpg,1
pos_0697.jpg,1
pos_0698.jpg,1
pos_0699.jpg,1
pos_0700.jpg,1
pos_0701.jpg,1
pos_0702.jpg,1
pos_0703.jpg,1
pos_0704.jpg,1
pos_0705.jpg,1
pos_0706.jpg,1
pos_0707.jpg,1
pos_0708.jpg,1
pos_0709.jpg,1
pos_0710.jpg,1
pos_0711.jpg,1
pos_0712.jpg,1
pos_0713.jpg,1
pos_0714.jpg,1
pos_0715.jpg,1
pos_0716.jpg,1
pos_0717.jpg,1
pos_0718.jpg,1
pos_0719.jpg,1
pos_0720.jpg,1
pos_0721.jpg,1
pos_0722.jpg,1
pos_0723.jpg,1
pos_0724.jpg,1
pos_0725.jpg,1
pos_0726.jpg,1
pos_0727.jpg,1
pos_0728.jpg,1
pos_0729.jpg,1
pos_0730.jpg,1
pos_0731.jpg,1
pos_0732.jpg,1
pos_0733.jpg,1
pos_0734.jpg,1
pos_0735.jpg,1
pos_0736.jpg,1
pos_0737.jpg,1
pos_0738.jpg,1
pos_0739.jpg,1
pos_0740.jpg,1
pos_0741.jpg,1
pos_0742.jpg,1
pos_0743.jpg,1
pos_0744.jpg,1
pos_0745.jpg,1
pos_0746.jpg,1
pos_0747.jpg,1
pos_0748.jpg,1
pos_0749.jpg,1
pos_0750.jpg,1
pos_0751.jpg,1
pos_0752.jpg,1
pos_0753.jpg,1
pos_0754.jpg,1
pos_0755.jpg,1
pos_0756.jpg,1
pos_0757.jpg,1
pos_0758.jpg,1
pos_0759.jpg,1
pos_0760.jpg,1
pos_0761.jpg,1
pos_0762.jpg,1
pos_0763.jpg,1
pos_0764.jpg,1
pos_0765.jpg,1
pos_0766.jpg,1
pos_0767.jpg,1
pos_0768.jpg,1
pos_0769.jpg,1
pos_0770.jpg,1
pos_0771.jpg,1
pos_0772.jpg,1
pos_0773.jpg,1
pos_0774.jpg,1
pos_0775.jpg,1
pos_0776.jpg,1
pos_0777.jpg,1
pos_0778.jpg,1
pos_0779.jpg,1
pos_0780.jpg,1
pos_0781.jpg,1
pos_0782.jpg,1
pos_0783.jpg,1
pos_0784.jpg,1
pos_0785.jpg,1
pos_0786.jpg,1
pos_0787.jpg,1
pos_0788.jpg,1
pos_0789.jpg,1
pos_0790.jpg,1
pos_0791.jpg,1
pos_0792.jpg,1
pos_0793.jpg,1
pos_0794.jpg,1
pos_0795.jpg,1
pos_0796.jpg,1
pos_0797.jpg,1
pos_0798.jpg,1
pos_0799.jpg,1
pos_0800.jpg,1
pos_0801.jpg,1
pos_0802.jpg,1
pos_0803.jpg,1
pos_0804.jpg,1
pos_0805.jpg,1
pos_0806.jpg,1
pos_0807.jpg,1
pos_0808.jpg,1
pos_0809.jpg,1
pos_0810.jpg,1
pos_0811.jpg,1
pos_0812.jpg,1
pos_0813.jpg,1
pos_0814.jpg,1
pos_0815.jpg,1
pos_0816.jpg,1
pos_0817.jpg,1
pos_0818.jpg,1
pos_0819.jpg,1
pos_0820.jpg,1
pos_0821.jpg,1
pos_0822.jpg,1
pos_0823.jpg,1
pos_0824.jpg,1
pos_0825.jpg,1
pos_0826.jpg,1
pos_0827.jpg,1
pos_0828.jpg,1
pos_0829.jpg,1
pos_0830.jpg,1
pos_0831.jpg,1
pos_0832.jpg,1
pos_0833.jpg,1
pos_0834.jpg,1
pos_0835.jpg,1
pos_0836.jpg,1
pos_0837.jpg,1
pos_0838.jpg,1
pos_0839.jpg,1
pos_0840.jpg,1
pos_0841.jpg,1
pos_0842.jpg,1
pos_0843.jpg,1
pos_0844.jpg,1
pos_0845.jpg,1
pos_0846.jpg,1
pos_0847.jpg,1
pos_0848.jpg,1
pos_0849.jpg,1
pos_0850.jpg,1
pos_0851.jpg,1
pos_0852.jpg,1
pos_0853.jpg,1
pos_0854.jpg,1
pos_0855.jpg,1
pos_0856.jpg,1
pos_0857.jpg,1
pos_0858.jpg,1
pos_0859.jpg,1
pos_0860.jpg,1
pos_0861.jpg,1
pos_0862.jpg,1
pos_0863.jpg,1
pos_0864.jpg,1
pos_0865.jpg,1
pos_0866.jpg,1
pos_0867.jpg,1
pos_0868.jpg,1
pos_0869.jpg,1
pos_0870.jpg,1
pos_0871.jpg,1
pos_0872.jpg,1
pos_0873.jpg,1
pos_0874.jpg,1
pos_0875.jpg,1
pos_0876.jpg,1
pos_0877.jpg,1
pos_0878.jpg,1
pos_0879.jpg,1
pos_0880.jpg,1
pos_0881.jpg,1
pos_0882.jpg,1
pos_0883.jpg,1
pos_0884.jpg,1
pos_0885.jpg,1
pos_0886.jpg,1
pos_0887.jpg,1
pos_0888.jpg,1
pos_0889.jpg,1
pos_0890.jpg,1
pos_0891.jpg,1
pos_0892.jpg,1
pos_0893.jpg,1
pos_0894.jpg,1
pos_0895.jpg,1
pos_0896.jpg,1
pos_0897.jpg,1
pos_0898.jpg,1
pos_0899.jpg,1
pos_0900.jpg,1
pos_0901.jpg,1
pos_0902.jpg,1
pos_0903.jpg,1
pos_0904.jpg,1
pos_0905.jpg,1
pos_0906.jpg,1
pos_0907.jpg,1
pos_0908.jpg,1
pos_0909.jpg,1
pos_0910.jpg,1
pos_0911.jpg,1
pos_0912.jpg,1
pos_0913.jpg,1
pos_0914.jpg,1
pos_0915.jpg,1
pos_0916.jpg,1
pos_0917.jpg,1
pos_0918.jpg,1
pos_0919.jpg,1
pos_0920.jpg,1
pos_0921.jpg,1
pos_0922.jpg,1
pos_0923.jpg,1
pos_0924.jpg,1
pos_0925.jpg,1
pos_0926.jpg,1
pos_0927.jpg,1
pos_0928.jpg,1
pos_0929.jpg,1
pos_0930.jpg,1
pos_0931.jpg,1
pos_0932.jpg,1
pos_0933.jpg,1
pos_0934.jpg,1
pos_0935.jpg,1
pos_0936.jpg,1
pos_0937.jpg,1
pos_0938.jpg,1
pos_0939.jpg,1
pos_0940.jpg,1
pos_0941.jpg,1
pos_0942.jpg,1
pos_0943.jpg,1
pos_0944.jpg,1
pos_0945.jpg,1
pos_0946.jpg,1
pos_0947.jpg,1
pos_0948.jpg,1
pos_0949.jpg,1
pos_0950.jpg,1
pos_0951.jpg,1
pos_0952.jpg,1
pos_0953.jpg,1
pos_0954.jpg,1
pos_0955.jpg,1
pos_0956.jpg,1
pos_0957.jpg,1
pos_0958.jpg,1
pos_0959.jpg,1
pos_0960.jpg,1
pos_0961.jpg,1
pos_0962.jpg,1
pos_0963.jpg,1
pos_0964.jpg,1
pos_0965.jpg,1
pos_0966.jpg,1
pos_0967.jpg,1
pos_0968.jpg,1
pos_0969.jpg,1
pos_0970.jpg,1
pos_0971.jpg,1
pos_0972.jpg,1
pos_0973.jpg,1
pos_0974.jpg,1
pos_0975.jpg,1
pos_0976.jpg,1
pos_0977.jpg,1
pos_0978.jpg,1
pos_0979.jpg,1
pos_0980.jpg,1
pos_0981.jpg,1
pos_0982.jpg,1
pos_0983.jpg,1
pos_0984.jpg,1
pos_0985.jpg,1
pos_0986.jpg,1
pos_0987.jpg,1
pos_0988.jpg,1
pos_0989.jpg,1
pos_0990.jpg,1
pos_0991.jpg,1
pos_0992.jpg,1
pos_0993.jpg,1
pos_0994.jpg,1
pos_0995.jpg,1
pos_0996.jpg,1
pos_0997.jpg,1
pos_0998.jpg,1
pos_0999.jpg,1
neg_0000.jpg,0
neg_0001.jpg,0
neg_0002.jpg,0
neg_0003.jpg,0
neg_0004.jpg,0
neg_0005.jpg,0
neg_0006.jpg,0
neg_0007.jpg,0
neg_0008.jpg,0
neg_0009.jpg,0
neg_0010.jpg,0
neg_0011.jpg,0
neg_0012.jpg,0
neg_0013.jpg,0
neg_0014.jpg,0
neg_0015.jpg,0
neg_0016.jpg,0
neg_0017.jpg,0
neg_0018.jpg,0
neg_0019.jpg,0
neg_0020.jpg,0
neg_0021.jpg,0
neg_0022.jpg,0
neg_0023.jpg,0
neg_0024.jpg,0
neg_0025.jpg,0
neg_0026.jpg,0
neg_0027.jpg,0
neg_0028.jpg,0
neg_0029.jpg,0
neg_0030.jpg,0
neg_0031.jpg,0
neg_0032.jpg,0
neg_0033.jpg,0
neg_0034.jpg,0
neg_0035.jpg,0
neg_0036.jpg,0
neg_0037.jpg,0
neg_0038.jpg,0
neg_0039.jpg,0
neg_0040.jpg,0
neg_0041.jpg,0
neg_0042.jpg,0
neg_0043.jpg,0
neg_0044.jpg,0
neg_0045.jpg,0
neg_0046.jpg,0
neg_0047.jpg,0
neg_0048.jpg,0
neg_0049.jpg,0
neg_0050.jpg,0
neg_0051.jpg,0
neg_0052.jpg,0
neg_0053.jpg,0
neg_0054.jpg,0
neg_0055.jpg,0
neg_0056.jpg,0
neg_0057.jpg,0
neg_0058.jpg,0
neg_0059.jpg,0
neg_0060.jpg,0
neg_0061.jpg,0
neg_0062.jpg,0
neg_0063.jpg,0
neg_0064.jpg,0
neg_0065.jpg,0
neg_0066.jpg,0
neg_0067.jpg,0
neg_0068.jpg,0
neg_0069.jpg,0
neg_0070.jpg,0
neg_0071.jpg,0
neg_0072.jpg,0
neg_0073.jpg,0
neg_0074.jpg,0
neg_0075.jpg,0
neg_0076.jpg,0
neg_0077.jpg,0
neg_0078.jpg,0
neg_0079.jpg,0
neg_0080.jpg,0
neg_0081.jpg,0
neg_0082.jpg,0
neg_0083.jpg,0
neg_0084.jpg,0
neg_0085.jpg,0
neg_0086.jpg,0
neg_0087.jpg,0
neg_0088.jpg,0
neg_0089.jpg,0
neg_0090.jpg,0
neg_0091.jpg,0
neg_0092.jpg,0
neg_0093.jpg,0
neg_0094.jpg,0
neg_0095.jpg,0
neg_0096.jpg,0
neg_0097.jpg,0
neg_0098.jpg,0
neg_0099.jpg,0
neg_0100.jpg,0
neg_0101.jpg,0
neg_0102.jpg,0
neg_0103.jpg,0
neg_0104.jpg,0
neg_0105.jpg,0
neg_0106.jpg,0
neg_0107.jpg,0
neg_0108.jpg,0
neg_0109.jpg,0
neg_0110.jpg,0
neg_0111.jpg,0
neg_0112.jpg,0
neg_0113.jpg,0
neg_0114.jpg,0
neg_0115.jpg,0
neg_0116.jpg,0
neg_0117.jpg,0
neg_0118.jpg,0
neg_0119.jpg,0
neg_0120.jpg,0
neg_0121.jpg,0
neg_0122.jpg,0
neg_0123.jpg,0
neg_0124.jpg,0
neg_0125.jpg,0
neg_0126.jpg,0
neg_0127.jpg,0
neg_0128.jpg,0
neg_0129.jpg,0
neg_0130.jpg,0
neg_0131.jpg,0
neg_0132.jpg,0
neg_0133.jpg,0
neg_0134.jpg,0
neg_0135.jpg,0
neg_0136.jpg,0
neg_0137.jpg,0
neg_0138.jpg,0
neg_0139.jpg,0
neg_0140.jpg,0
neg_0141.jpg,0
neg_0142.jpg,0
neg_0143.jpg,0
neg_0144.jpg,0
neg_0145.jpg,0
neg_0146.jpg,0
neg_0147.jpg,0
neg_0148.jpg,0
neg_0149.jpg,0
neg_0150.jpg,0
neg_0151.jpg,0
neg_0152.jpg,0
neg_0153.jpg,0
neg_0154.jpg,0
neg_0155.jpg,0
neg_0156.jpg,0
neg_0157.jpg,0
neg_0158.jpg,0
neg_0159.jpg,0
neg_0160.jpg,0
neg_0161.jpg,0
neg_0162.jpg,0
neg_0163.jpg,0
neg_0164.jpg,0
neg_0165.jpg,0
neg_0166.jpg,0
neg_0167.jpg,0
neg_0168.jpg,0
neg_0169.jpg,0
neg_0170.jpg,0
neg_0171.jpg,0
neg_0172.jpg,0
neg_0173.jpg,0
neg_0174.jpg,0
neg_0175.jpg,0
neg_0176.jpg,0
neg_0177.jpg,0
neg_0178.jpg,0
neg_0179.jpg,0
neg_0180.jpg,0
neg_0181.jpg,0
neg_0182.jpg,0
neg_0183.jpg,0
neg_0184.jpg,0
neg_0185.jpg,0
neg_0186.jpg,0
neg_0187.jpg,0
neg_0188.jpg,0
neg_0189.jpg,0
neg_0190.jpg,0
neg_0191.jpg,0
neg_0192.jpg,0
neg_0193.jpg,0
neg_0194.jpg,0
neg_0195.jpg,0
neg_0196.jpg,0
neg_0197.jpg,0
neg_0198.jpg,0
neg_0199.jpg,0
neg_0200.jpg,0
neg_0201.jpg,0
neg_0202.jpg,0
neg_0203.jpg,0
neg_0204.jpg,0
neg_0205.jpg,0
neg_0206.jpg,0
neg_0207.jpg,0
neg_0208.jpg,0
neg_0209.jpg,0
neg_0210.jpg,0
neg_0211.jpg,0
neg_0212.jpg,0
neg_0213.jpg,0
neg_0214.jpg,0
neg_0215.jpg,0
neg_0216.jpg,0
neg_0217.jpg,0
neg_0218.jpg,0
neg_0219.jpg,0
neg_0220.jpg,0
neg_0221.jpg,0
neg_0222.jpg,0
neg_0223.jpg,0
neg_0224.jpg,0
neg_0225.jpg,0
neg_0226.jpg,0
neg_0227.jpg,0
neg_0228.jpg,0
neg_0229.jpg,0
neg_0230.jpg,0
neg_0231.jpg,0
neg_0232.jpg,0
neg_0233.jpg,0
neg_0234.jpg,0
neg_0235.jpg,0
neg_0236.jpg,0
neg_0237.jpg,0
neg_0238.jpg,0
neg_0239.jpg,0
neg_0240.jpg,0
neg_0241.jpg,0
neg_0242.jpg,0
neg_0243.jpg,0
neg_0244.jpg,0
neg_0245.jpg,0
neg_0246.jpg,0
neg_0247.jpg,0
neg_0248.jpg,0
neg_0249.jpg,0
neg_0250.jpg,0
neg_0251.jpg,0
neg_0252.jpg,0
neg_0253.jpg,0
neg_0254.jpg,0
neg_0255.jpg,0
neg_0256.jpg,0
neg_0257.jpg,0
neg_0258.jpg,0
neg_0259.jpg,0
neg_0260.jpg,0
neg_0261.jpg,0
neg_0262.jpg,0
neg_0263.jpg,0
neg_0264.jpg,0
neg_0265.jpg,0
neg_0266.jpg,0
neg_0267.jpg,0
neg_0268.jpg,0
neg_0269.jpg,0
neg_0270.jpg,0
neg_0271.jpg,0
neg_0272.jpg,0
neg_0273.jpg,0
neg_0274.jpg,0
neg_0275.jpg,0
neg_0276.jpg,0
neg_0277.jpg,0
neg_0278.jpg,0
neg_0279.jpg,0
neg_0280.jpg,0
neg_0281.jpg,0
neg_0282.jpg,0
neg_0283.jpg,0
neg_0284.jpg,0
neg_0285.jpg,0
neg_0286.jpg,0
neg_0287.jpg,0
neg_0288.jpg,0
neg_0289.jpg,0
neg_0290.jpg,0
neg_0291.jpg,0
neg_0292.jpg,0
neg_0293.jpg,0
neg_0294.jpg,0
neg_0295.jpg,0
neg_0296.jpg,0
neg_0297.jpg,0
neg_0298.jpg,0
neg_0299.jpg,0
neg_0300.jpg,0
neg_0301.jpg,0
neg_0302.jpg,0
neg_0303.jpg,0
neg_0304.jpg,0
neg_0305.jpg,0
neg_0306.jpg,0
neg_0307.jpg,0
neg_0308.jpg,0
neg_0309.jpg,0
neg_0310.jpg,0
neg_0311.jpg,0
neg_0312.jpg,0
neg_0313.jpg,0
neg_0314.jpg,0
neg_0315.jpg,0
neg_0316.jpg,0
neg_0317.jpg,0
neg_0318.jpg,0
neg_0319.jpg,0
neg_0320.jpg,0
neg_0321.jpg,0
neg_0322.jpg,0
neg_0323.jpg,0
neg_0324.jpg,0
neg_0325.jpg,0
neg_0326.jpg,0
neg_0327.jpg,0
neg_0328.jpg,0
neg_0329.jpg,0
neg_0330.jpg,0
neg_0331.jpg,0
neg_0332.jpg,0
neg_0333.jpg,0
neg_0334.jpg,0
neg_0335.jpg,0
neg_0336.jpg,0
neg_0337.jpg,0
neg_0338.jpg,0
neg_0339.jpg,0
neg_0340.jpg,0
neg_0341.jpg,0
neg_0342.jpg,0
neg_0343.jpg,0
neg_0344.jpg,0
neg_0345.jpg,0
neg_0346.jpg,0
neg_0347.jpg,0
neg_0348.jpg,0
neg_0349.jpg,0
neg_0350.jpg,0
neg_0351.jpg,0
neg_0352.jpg,0
neg_0353.jpg,0
neg_0354.jpg,0
neg_0355.jpg,0
neg_0356.jpg,0
neg_0357.jpg,0
neg_0358.jpg,0
neg_0359.jpg,0
neg_0360.jpg,0
neg_0361.jpg,0
neg_0362.jpg,0
neg_0363.jpg,0
neg_0364.jpg,0
neg_0365.jpg,0
neg_0366.jpg,0
neg_0367.jpg,0
neg_0368.jpg,0
neg_0369.jpg,0
neg_0370.jpg,0
neg_0371.jpg,0
neg_0372.jpg,0
neg_0373.jpg,0
neg_0374.jpg,0
neg_0375.jpg,0
neg_0376.jpg,0
neg_0377.jpg,0
neg_0378.jpg,0
neg_0379.jpg,0
neg_0380.jpg,0
neg_0381.jpg,0
neg_0382.jpg,0
neg_0383.jpg,0
neg_0384.jpg,0
neg_0385.jpg,0
neg_0386.jpg,0
neg_0387.jpg,0
neg_0388.jpg,0
neg_0389.jpg,0
neg_0390.jpg,0
neg_0391.jpg,0
neg_0392.jpg,0
neg_0393.jpg,0
neg_0394.jpg,0
neg_0395.jpg,0
neg_0396.jpg,0
neg_0397.jpg,0
neg_0398.jpg,0
neg_0399.jpg,0
neg_0400.jpg,0
neg_0401.jpg,0
neg_0402.jpg,0
neg_0403.jpg,0
neg_0404.jpg,0
neg_0405.jpg,0
neg_0406.jpg,0
neg_0407.jpg,0
neg_0408.jpg,0
neg_0409.jpg,0
neg_0410.jpg,0
neg_0411.jpg,0
neg_0412.jpg,0
neg_0413.jpg,0
neg_0414.jpg,0
neg_0415.jpg,0
neg_0416.jpg,0
neg_0417.jpg,0
neg_0418.jpg,0
neg_0419.jpg,0
neg_0420.jpg,0
neg_0421.jpg,0
neg_0422.jpg,0
neg_0423.jpg,0
neg_0424.jpg,0
neg_0425.jpg,0
neg_0426.jpg,0
neg_0427.jpg,0
neg_0428.jpg,0
neg_0429.jpg,0
neg_0430.jpg,0
neg_0431.jpg,0
neg_0432.jpg,0
neg_0433.jpg,0
neg_0434.jpg,0
neg_0435.jpg,0
neg_0436.jpg,0
neg_0437.jpg,0
neg_0438.jpg,0
neg_0439.jpg,0
neg_0440.jpg,0
neg_0441.jpg,0
neg_0442.jpg,0
neg_0443.jpg,0
neg_0444.jpg,0
neg_0445.jpg,0
neg_0446.jpg,0
neg_0447.jpg,0
neg_0448.jpg,0
neg_0449.jpg,0
neg_0450.jpg,0
neg_0451.jpg,0
neg_0452.jpg,0
neg_0453.jpg,0
neg_0454.jpg,0
neg_0455.jpg,0
neg_0456.jpg,0
neg_0457.jpg,0
neg_0458.jpg,0
neg_0459.jpg,0
neg_0460.jpg,0
neg_0461.jpg,0
neg_0462.jpg,0
neg_0463.jpg,0
neg_0464.jpg,0
neg_0465.jpg,0
neg_0466.jpg,0
neg_0467.jpg,0
neg_0468.jpg,0
neg_0469.jpg,0
neg_0470.jpg,0
neg_0471.jpg,0
neg_0472.jpg,0
neg_0473.jpg,0
neg_0474.jpg,0
neg_0475.jpg,0
neg_0476.jpg,0
neg_0477.jpg,0
neg_0478.jpg,0
neg_0479.jpg,0
neg_0480.jpg,0
neg_0481.jpg,0
neg_0482.jpg,0
neg_0483.jpg,0
neg_0484.jpg,0
neg_0485.jpg,0
neg_0486.jpg,0
neg_0487.jpg,0
neg_0488.jpg,0
neg_0489.jpg,0
neg_0490.jpg,0
neg_0491.jpg,0
neg_0492.jpg,0
neg_0493.jpg,0
neg_0494.jpg,0
neg_0495.jpg,0
neg_0496.jpg,0
neg_0497.jpg,0
neg_0498.jpg,0
neg_0499.jpg,0
neg_0500.jpg,0
neg_0501.jpg,0
neg_0502.jpg,0
neg_0503.jpg,0
neg_0504.jpg,0
neg_0505.jpg,0
neg_0506.jpg,0
neg_0507.jpg,0
neg_0508.jpg,0
neg_0509.jpg,0
neg_0510.jpg,0
neg_0511.jpg,0
neg_0512.jpg,0
neg_0513.jpg,0
neg_0514.jpg,0
neg_0515.jpg,0
neg_0516.jpg,0
neg_0517.jpg,0
neg_0518.jpg,0
neg_0519.jpg,0
neg_0520.jpg,0
neg_0521.jpg,0
neg_0522.jpg,0
neg_0523.jpg,0
neg_0524.jpg,0
neg_0525.jpg,0
neg_0526.jpg,0
neg_0527.jpg,0
neg_0528.jpg,0
neg_0529.jpg,0
neg_0530.jpg,0
neg_0531.jpg,0
neg_0532.jpg,0
neg_0533.jpg,0
neg_0534.jpg,0
neg_0535.jpg,0
neg_0536.jpg,0
neg_0537.jpg,0
neg_0538.jpg,0
neg_0539.jpg,0
neg_0540.jpg,0
neg_0541.jpg,0
neg_0542.jpg,0
neg_0543.jpg,0
neg_0544.jpg,0
neg_0545.jpg,0
neg_0546.jpg,0
neg_0547.jpg,0
neg_0548.jpg,0
neg_0549.jpg,0
neg_0550.jpg,0
neg_0551.jpg,0
neg_0552.jpg,0
neg_0553.jpg,0
neg_0554.jpg,0
neg_0555.jpg,0
neg_0556.jpg,0
neg_0557.jpg,0
neg_0558.jpg,0
neg_0559.jpg,0
neg_0560.jpg,0
neg_0561.jpg,0
neg_0562.jpg,0
neg_0563.jpg,0
neg_0564.jpg,0
neg_0565.jpg,0
neg_0566.jpg,0
neg_0567.jpg,0
neg_0568.jpg,0
neg_0569.jpg,0
neg_0570.jpg,0
neg_0571.jpg,0
neg_0572.jpg,0
neg_0573.jpg,0
neg_0574.jpg,0
neg_0575.jpg,0
neg_0576.jpg,0
neg_0577.jpg,0
neg_0578.jpg,0
neg_0579.jpg,0
neg_0580.jpg,0
neg_0581.jpg,0
neg_0582.jpg,0
neg_0583.jpg,0
neg_0584.jpg,0
neg_0585.jpg,0
neg_0586.jpg,0
neg_0587.jpg,0
neg_0588.jpg,0
neg_0589.jpg,0
neg_0590.jpg,0
neg_0591.jpg,0
neg_0592.jpg,0
neg_0593.jpg,0
neg_0594.jpg,0
neg_0595.jpg,0
neg_0596.jpg,0
neg_0597.jpg,0
neg_0598.jpg,0
neg_0599.jpg,0
neg_0600.jpg,0
neg_0601.jpg,0
neg_0602.jpg,0
neg_0603.jpg,0
neg_0604.jpg,0
neg_0605.jpg,0
neg_0606.jpg,0
neg_0607.jpg,0
neg_0608.jpg,0
neg_0609.jpg,0
neg_0610.jpg,0
neg_0611.jpg,0
neg_0612.jpg,0
neg_0613.jpg,0
neg_0614.jpg,0
neg_0615.jpg,0
neg_0616.jpg,0
neg_0617.jpg,0
neg_0618.jpg,0
neg_0619.jpg,0
neg_0620.jpg,0
neg_0621.jpg,0
neg_0622.jpg,0
neg_0623.jpg,0
neg_0624.jpg,0
neg_0625.jpg,0
neg_0626.jpg,0
neg_0627.jpg,0
neg_0628.jpg,0
neg_0629.jpg,0
neg_0630.jpg,0
neg_0631.jpg,0
neg_0632.jpg,0
neg_0633.jpg,0
neg_0634.jpg,0
neg_0635.jpg,0
neg_0636.jpg,0
neg_0637.jpg,0
neg_0638.jpg,0
neg_0639.jpg,0
neg_0640.jpg,0
neg_0641.jpg,0
neg_0642.jpg,0
neg_0643.jpg,0
neg_0644.jpg,0
neg_0645.jpg,0
neg_0646.jpg,0
neg_0647.jpg,0
neg_0648.jpg,0
neg_0649.jpg,0
neg_0650.jpg,0
neg_0651.jpg,0
neg_0652.jpg,0
neg_0653.jpg,0
neg_0654.jpg,0
neg_0655.jpg,0
neg_0656.jpg,0
neg_0657.jpg,0
neg_0658.jpg,0
neg_0659.jpg,0
neg_0660.jpg,0
neg_0661.jpg,0
neg_0662.jpg,0
neg_0663.jpg,0
neg_0664.jpg,0
neg_0665.jpg,0
neg_0666.jpg,0
neg_0667.jpg,0
neg_0668.jpg,0
neg_0669.jpg,0
neg_0670.jpg,0
neg_0671.jpg,0
neg_0672.jpg,0
neg_0673.jpg,0
neg_0674.jpg,0
neg_0675.jpg,0
neg_0676.jpg,0
neg_0677.jpg,0
neg_0678.jpg,0
neg_0679.jpg,0
neg_0680.jpg,0
neg_0681.jpg,0
neg_0682.jpg,0
neg_0683.jpg,0
neg_0684.jpg,0
neg_0685.jpg,0
neg_0686.jpg,0
neg_0687.jpg,0
neg_0688.jpg,0
neg_0689.jpg,0
neg_0690.jpg,0
neg_0691.jpg,0
neg_0692.jpg,0
neg_0693.jpg,0
neg_0694.jpg,0
neg_0695.jpg,0
neg_0696.jpg,0
neg_0697.jpg,0
neg_0698.jpg,0
neg_0699.jpg,0
neg_0700.jpg,0
neg_0701.jpg,0
neg_0702.jpg,0
neg_0703.jpg,0
neg_0704.jpg,0
neg_0705.jpg,0
neg_0706.jpg,0
neg_0707.jpg,0
neg_0708.jpg,0
neg_0709.jpg,0
neg_0710.jpg,0
neg_0711.jpg,0
neg_0712.jpg,0
neg_0713.jpg,0
neg_0714.jpg,0
neg_0715.jpg,0
neg_0716.jpg,0
neg_0717.jpg,0
neg_0718.jpg,0
neg_0719.jpg,0
neg_0720.jpg,0
neg_0721.jpg,0
neg_0722.jpg,0
neg_0723.jpg,0
neg_0724.jpg,0
neg_0725.jpg,0
neg_0726.jpg,0
neg_0727.jpg,0
neg_0728.jpg,0
neg_0729.jpg,0
neg_0730.jpg,0
neg_0731.jpg,0
neg_0732.jpg,0
neg_0733.jpg,0
neg_0734.jpg,0
neg_0735.jpg,0
neg_0736.jpg,0
neg_0737.jpg,0
neg_0738.jpg,0
neg_0739.jpg,0
neg_0740.jpg,0
neg_0741.jpg,0
neg_0742.jpg,0
neg_0743.jpg,0
neg_0744.jpg,0
neg_0745.jpg,0
neg_0746.jpg,0
neg_0747.jpg,0
neg_0748.jpg,0
neg_0749.jpg,0
neg_0750.jpg,0
neg_0751.jpg,0
neg_0752.jpg,0
neg_0753.jpg,0
neg_0754.jpg,0
neg_0755.jpg,0
neg_0756.jpg,0
neg_0757.jpg,0
neg_0758.jpg,0
neg_0759.jpg,0
neg_0760.jpg,0
neg_0761.jpg,0
neg_0762.jpg,0
neg_0763.jpg,0
neg_0764.jpg,0
neg_0765.jpg,0
neg_0766.jpg,0
neg_0767.jpg,0
neg_0768.jpg,0
neg_0769.jpg,0
neg_0770.jpg,0
neg_0771.jpg,0
neg_0772.jpg,0
neg_0773.jpg,0
neg_0774.jpg,0
neg_0775.jpg,0
neg_0776.jpg,0
neg_0777.jpg,0
neg_0778.jpg,0
neg_0779.jpg,0
neg_0780.jpg,0
neg_0781.jpg,0
neg_0782.jpg,0
neg_0783.jpg,0
neg_0784.jpg,0
neg_0785.jpg,0
neg_0786.jpg,0
neg_0787.jpg,0
neg_0788.jpg,0
neg_0789.jpg,0
neg_0790.jpg,0
neg_0791.jpg,0
neg_0792.jpg,0
neg_0793.jpg,0
neg_0794.jpg,0
neg_0795.jpg,0
neg_0796.jpg,0
neg_0797.jpg,0
neg_0798.jpg,0
neg_0799.jpg,0
neg_0800.jpg,0
neg_0801.jpg,0
neg_0802.jpg,0
neg_0803.jpg,0
neg_0804.jpg,0
neg_0805.jpg,0
neg_0806.jpg,0
neg_0807.jpg,0
neg_0808.jpg,0
neg_0809.jpg,0
neg_0810.jpg,0
neg_0811.jpg,0
neg_0812.jpg,0
neg_0813.jpg,0
neg_0814.jpg,0
neg_0815.jpg,0
neg_0816.jpg,0
neg_0817.jpg,0
neg_0818.jpg,0
neg_0819.jpg,0
neg_0820.jpg,0
neg_0821.jpg,0
neg_0822.jpg,0
neg_0823.jpg,0
neg_0824.jpg,0
neg_0825.jpg,0
neg_0826.jpg,0
neg_0827.jpg,0
neg_0828.jpg,0
neg_0829.jpg,0
neg_0830.jpg,0
neg_0831.jpg,0
neg_0832.jpg,0
neg_0833.jpg,0
neg_0834.jpg,0
neg_0835.jpg,0
neg_0836.jpg,0
neg_0837.jpg,0
neg_0838.jpg,0
neg_0839.jpg,0
neg_0840.jpg,0
neg_0841.jpg,0
neg_0842.jpg,0
neg_0843.jpg,0
neg_0844.jpg,0
neg_0845.jpg,0
neg_0846.jpg,0
neg_0847.jpg,0
neg_0848.jpg,0
neg_0849.jpg,0
neg_0850.jpg,0
neg_0851.jpg,0
neg_0852.jpg,0
neg_0853.jpg,0
neg_0854.jpg,0
neg_0855.jpg,0
neg_0856.jpg,0
neg_0857.jpg,0
neg_0858.jpg,0
neg_0859.jpg,0
neg_0860.jpg,0
neg_0861.jpg,0
neg_0862.jpg,0
neg_0863.jpg,0
neg_0864.jpg,0
neg_0865.jpg,0
neg_0866.jpg,0
neg_0867.jpg,0
neg_0868.jpg,0
neg_0869.jpg,0
neg_0870.jpg,0
neg_0871.jpg,0
neg_0872.jpg,0
neg_0873.jpg,0
neg_0874.jpg,0
neg_0875.jpg,0
neg_0876.jpg,0
neg_0877.jpg,0
neg_0878.jpg,0
neg_0879.jpg,0
neg_0880.jpg,0
neg_0881.jpg,0
neg_0882.jpg,0
neg_0883.jpg,0
neg_0884.jpg,0
neg_0885.jpg,0
neg_0886.jpg,0
neg_0887.jpg,0
neg_0888.jpg,0
neg_0889.jpg,0
neg_0890.jpg,0
neg_0891.jpg,0
neg_0892.jpg,0
neg_0893.jpg,0
neg_0894.jpg,0
neg_0895.jpg,0
neg_0896.jpg,0
neg_0897.jpg,0
neg_0898.jpg,0
neg_0899.jpg,0
neg_0900.jpg,0
neg_0901.jpg,0
neg_0902.jpg,0
neg_0903.jpg,0
neg_0904.jpg,0
neg_0905.jpg,0
neg_0906.jpg,0
neg_0907.jpg,0
neg_0908.jpg,0
neg_0909.jpg,0
neg_0910.jpg,0
neg_0911.jpg,0
neg_0912.jpg,0
neg_0913.jpg,0
neg_0914.jpg,0
neg_0915.jpg,0
neg_0916.jpg,0
neg_0917.jpg,0
neg_0918.jpg,0
neg_0919.jpg,0
neg_0920.jpg,0
neg_0921.jpg,0
neg_0922.jpg,0
neg_0923.jpg,0
neg_0924.jpg,0
neg_0925.jpg,0
neg_0926.jpg,0
neg_0927.jpg,0
neg_0928.jpg,0
neg_0929.jpg,0
neg_0930.jpg,0
neg_0931.jpg,0
neg_0932.jpg,0
neg_0933.jpg,0
neg_0934.jpg,0
neg_0935.jpg,0
neg_0936.jpg,0
neg_0937.jpg,0
neg_0938.jpg,0
neg_0939.jpg,0
neg_0940.jpg,0
neg_0941.jpg,0
neg_0942.jpg,0
neg_0943.jpg,0
neg_0944.jpg,0
neg_0945.jpg,0
neg_0946.jpg,0
neg_0947.jpg,0
neg_0948.jpg,0
neg_0949.jpg,0
neg_0950.jpg,0
neg_0951.jpg,0
neg_0952.jpg,0
neg_0953.jpg,0
neg_0954.jpg,0
neg_0955.jpg,0
neg_0956.jpg,0
neg_0957.jpg,0
neg_0958.jpg,0
neg_0959.jpg,0
neg_0960.jpg,0
neg_0961.jpg,0
neg_0962.jpg,0
neg_0963.jpg,0
neg_0964.jpg,0
neg_0965.jpg,0
neg_0966.jpg,0
neg_0967.jpg,0
neg_0968.jpg,0
neg_0969.jpg,0
neg_0970.jpg,0
neg_0971.jpg,0
neg_0972.jpg,0
neg_0973.jpg,0
neg_0974.jpg,0
neg_0975.jpg,0
neg_0976.jpg,0
neg_0977.jpg,0
neg_0978.jpg,0
neg_0979.jpg,0
neg_0980.jpg,0
neg_0981.jpg,0
neg_0982.jpg,0
neg_0983.jpg,0
neg_0984.jpg,0
neg_0985.jpg,0
neg_0986.jpg,0
neg_0987.jpg,0
neg_0988.jpg,0
neg_0989.jpg,0
neg_0990.jpg,0
neg_0991.jpg,0
neg_0992.jpg,0
neg_0993.jpg,0
neg_0994.jpg,0
neg_0995.jpg,0
neg_0996.jpg,0
neg_0997.jpg,0
neg_0998.jpg,0
neg_0999.jpg,0
pos_1000.jpg,1
pos_1001.jpg,1
pos_1002.jpg,1
pos_1003.jpg,1
pos_1004.jpg,1
pos_1005.jpg,1
pos_1006.jpg,1
pos_1007.jpg,1
pos_1008.jpg,1
pos_1009.jpg,1
pos_1010.jpg,1
pos_1011.jpg,1
pos_1012.jpg,1
pos_1013.jpg,1
pos_1014.jpg,1
pos_1015.jpg,1
pos_1016.jpg,1
pos_1017.jpg,1
pos_1018.jpg,1
pos_1019.jpg,1
pos_1020.jpg,1
pos_1021.jpg,1
pos_1022.jpg,1
pos_1023.jpg,1
pos_1024.jpg,1
pos_1025.jpg,1
pos_1026.jpg,1
pos_1027.jpg,1
pos_1028.jpg,1
pos_1029.jpg,1
pos_1030.jpg,1
pos_1031.jpg,1
pos_1032.jpg,1
pos_1033.jpg,1
pos_1034.jpg,1
pos_1035.jpg,1
pos_1036.jpg,1
pos_1037.jpg,1
pos_1038.jpg,1
pos_1039.jpg,1
pos_1040.jpg,1
pos_1041.jpg,1
pos_1042.jpg,1
pos_1043.jpg,1
pos_1044.jpg,1
pos_1045.jpg,1
pos_1046.jpg,1
pos_1047.jpg,1
pos_1048.jpg,1
pos_1049.jpg,1
pos_1050.jpg,1
pos_1051.jpg,1
pos_1052.jpg,1
pos_1053.jpg,1
pos_1054.jpg,1
pos_1055.jpg,1
pos_1056.jpg,1
pos_1057.jpg,1
pos_1058.jpg,1
pos_1059.jpg,1
pos_1060.jpg,1
pos_1061.jpg,1
pos_1062.jpg,1
pos_1063.jpg,1
pos_1064.jpg,1
pos_1065.jpg,1
pos_1066.jpg,1
pos_1067.jpg,1
pos_1068.jpg,1
pos_1069.jpg,1
pos_1070.jpg,1
pos_1071.jpg,1
pos_1072.jpg,1
pos_1073.jpg,1
pos_1074.jpg,1
pos_1075.jpg,1
pos_1076.jpg,1
pos_1077.jpg,1
pos_1078.jpg,1
pos_1079.jpg,1
pos_1080.jpg,1
pos_1081.jpg,1
pos_1082.jpg,1
pos_1083.jpg,1
pos_1084.jpg,1
pos_1085.jpg,1
pos_1086.jpg,1
pos_1087.jpg,1
pos_1088.jpg,1
pos_1089.jpg,1
pos_1090.jpg,1
pos_1091.jpg,1
pos_1092.jpg,1
pos_1093.jpg,1
pos_1094.jpg,1
pos_1095.jpg,1
pos_1096.jpg,1
pos_1097.jpg,1
pos_1098.jpg,1
pos_1099.jpg,1
pos_1100.jpg,1
pos_1101.jpg,1
pos_1102.jpg,1
pos_1103.jpg,1
pos_1104.jpg,1
pos_1105.jpg,1
pos_1106.jpg,1
pos_1107.jpg,1
pos_1108.jpg,1
pos_1109.jpg,1
pos_1110.jpg,1
pos_1111.jpg,1
pos_1112.jpg,1
pos_1113.jpg,1
pos_1114.jpg,1
pos_1115.jpg,1
pos_1116.jpg,1
pos_1117.jpg,1
pos_1118.jpg,1
pos_1119.jpg,1
pos_1120.jpg,1
pos_1121.jpg,1
pos_1122.jpg,1
pos_1123.jpg,1
pos_1124.jpg,1
pos_1125.jpg,1
pos_1126.jpg,1
pos_1127.jpg,1
pos_1128.jpg,1
pos_1129.jpg,1
pos_1130.jpg,1
pos_1131.jpg,1
pos_1132.jpg,1
pos_1133.jpg,1
pos_1134.jpg,1
pos_1135.jpg,1
pos_1136.jpg,1
pos_1137.jpg,1
pos_1138.jpg,1
pos_1139.jpg,1
pos_1140.jpg,1
pos_1141.jpg,1
pos_1142.jpg,1
pos_1143.jpg,1
pos_1144.jpg,1
pos_1145.jpg,1
pos_1146.jpg,1
pos_1147.jpg,1
pos_1148.jpg,1
pos_1149.jpg,1
